Rank,Symbol,Security,Market Cap,1d %,7d %,Exchange,Volume
1,NVDA,Nvidia,3621363908608,-0.84,9.03,NMS,173148255
2,AAPL,Apple Inc.,3430681935872,-0.12,1.93,NMS,37608324
3,MSFT,Microsoft,3141534220288,-0.68,2.97,NMS,16809546
4,GOOGL,Alphabet Inc. (Class A),2191547039744,-1.33,4.12,NMS,21970658
4,GOOG,Alphabet Inc. (Class C),2191540092928,-1.33,4.18,NMS,14666145
5,AMZN,Amazon,2189012631552,-0.89,5.18,NMS,35865497
6,META,Meta Platforms,1487782936576,-0.4,3.91,NMS,9254890
7,TSLA,"Tesla, Inc.",1031135494144,8.19,29.01,NMS,201778989
8,BRK-B,Berkshire Hathaway,999723630592,0.71,2.49,NYQ,3538916
9,AVGO,Broadcom,857705349120,-0.09,8.71,NMS,12883613
10,LLY,Lilly (Eli),789394161664,4.27,1.54,NYQ,5749379
11,WMT,Walmart,681884778496,1.17,3.21,NYQ,11522355
12,JPM,JPMorgan Chase,667179286528,0.25,6.3,NYQ,7337065
13,V,Visa Inc.,597788065792,0.68,5.89,NYQ,6237557
14,UNH,UnitedHealth Group,566720135168,1.71,8.5,NYQ,2907931
15,XOM,ExxonMobil,532289355776,-0.03,5.36,NYQ,12828532
16,ORCL,Oracle Corporation,524423102464,1.55,11.31,NYQ,6938498
17,MA,Mastercard,481641005056,1.33,3.28,NYQ,2213615
18,COST,Costco,418173222912,3.27,7.58,NMS,3234903
19,HD,Home Depot (The),403177603072,1.62,3.39,NYQ,2733120
20,PG,Procter & Gamble,394963779584,2.63,1.58,NYQ,7503753
21,JNJ,Johnson & Johnson,374312697856,-0.8,-2.91,NYQ,8818545
22,ABBV,AbbVie,352544423936,-0.5,-1.99,NYQ,4593349
23,BAC,Bank of America,346277085184,0.8,8.07,NYQ,31940642
24,NFLX,Netflix,339846201344,-0.19,5.15,NMS,1863013
25,CRM,Salesforce,307784220672,3.59,9.24,NYQ,8479802
26,CVX,Chevron Corporation,279793598464,0.1,2.52,NYQ,5904541
27,KO,Coca-Cola Company (The),275354583040,0.41,-1.68,NYQ,14669180
28,TMUS,T-Mobile US,273074896896,1.65,5.39,NMS,3206793
29,MRK,Merck & Co.,260350541824,1.73,1.02,NYQ,6160597
30,AMD,Advanced Micro Devices,240094724096,-1.25,4.29,NMS,27099537
31,WFC,Wells Fargo,233197469696,0.89,8.91,NYQ,14240917
32,CSCO,Cisco,231428325376,-0.03,4.61,NMS,15345999
33,PEP,PepsiCo,226529280000,0.68,-0.29,NMS,4398903
34,ACN,Accenture,222155046912,-1.44,2.85,NYQ,2289262
35,LIN,Linde plc,218785087488,-1.29,0.47,NMS,1460565
36,ADBE,Adobe Inc.,217758138368,-1.25,2.46,NMS,2835239
37,BX,Blackstone Inc.,215237689344,0.66,5.54,NYQ,2767725
38,MCD,McDonald's,214247899136,1.46,1.27,NYQ,2277977
39,TMO,Thermo Fisher Scientific,211040550912,-0.75,-1.11,NYQ,1620362
40,MS,Morgan Stanley,208678010880,0.85,10.85,NYQ,6950072
41,NOW,ServiceNow,207984033792,-0.71,6.85,NYQ,867120
42,AXP,American Express,202598383616,0.27,5.47,NYQ,1415742
43,ABT,Abbott Laboratories,202220683264,1.12,-1.69,NYQ,5603135
44,TXN,Texas Instruments,200952283136,1.26,7.5,NMS,4941889
45,GE,GE Aerospace,200018018304,3.33,7.64,NYQ,3853062
46,IBM,IBM,197615124480,0.01,2.63,NYQ,2399747
47,PM,Philip Morris International,196281729024,1.99,-3.38,NYQ,6364478
48,INTU,Intuit,191781388288,1.49,10.05,NMS,1641263
49,ISRG,Intuitive Surgical,191072239616,2.32,5.95,NMS,1416216
50,CAT,Caterpillar Inc.,189919821824,-3.64,3.62,NYQ,3342835
51,QCOM,Qualcomm,189881024512,-1.16,3.41,NMS,10722086
52,GS,Goldman Sachs,184974622720,1.22,13.46,NYQ,2346675
53,DIS,Walt Disney Company (The),179581681664,0.09,3.35,NYQ,6482727
54,DHR,Danaher Corporation,177239064576,-0.29,-0.96,NYQ,2941078
55,AMGN,Amgen,174848737280,1.05,1.9,NMS,1927177
56,VZ,Verizon,170405822464,-0.22,-2.13,NYQ,21278511
57,CMCSA,Comcast,168023375872,-0.63,0.8,NMS,19566249
58,RTX,RTX Corporation,164447535104,2.89,4.04,NYQ,3622769
59,BKNG,Booking Holdings,163605921792,0.46,4.09,NMS,280025
60,T,AT&T,160295976960,1.36,0.99,NYQ,29866241
61,AMAT,Applied Materials,158310285312,-1.06,4.72,NMS,4763412
62,NEE,NextEra Energy,158281105408,3.15,-0.49,NYQ,12609106
63,SPGI,S&P Global,156025044992,1.15,4.04,NYQ,1302287
64,BLK,BlackRock,153946472448,0.31,5.5,NYQ,453708
65,LOW,Lowe's,153793413120,1.8,3.5,NYQ,1501120
66,PGR,Progressive Corporation,153201541120,2.45,7.75,NYQ,2599654
67,UBER,Uber,151695343616,-1.49,-1.65,NYQ,20076812
68,PFE,Pfizer,151421976576,-1.18,-3.4,NYQ,53549746
69,UNP,Union Pacific Corporation,146405015552,-0.44,3.78,NYQ,2205549
70,ETN,Eaton Corporation,144907993088,1.69,9.76,NYQ,2322663
71,SYK,Stryker Corporation,143321956352,1.66,2.4,NYQ,1009182
72,HON,Honeywell,142722711552,0.91,4.92,NMS,5551022
73,KKR,KKR,140449857536,0.99,10.77,NYQ,2518694
74,SCHW,Charles Schwab Corporation,135188234240,1.34,4.53,NYQ,7428561
75,LMT,Lockheed Martin,133820481536,2.31,3.52,NYQ,978495
76,VRTX,Vertex Pharmaceuticals,133075525632,2.84,9.68,NMS,1166113
77,PLTR,Palantir Technologies,133013594112,,,NYQ,82498453
78,TJX,TJX Companies,132896915456,0.84,4.84,NYQ,3024624
79,BSX,Boston Scientific,130065498112,1.58,5.54,NYQ,3737888
80,C,Citigroup,129797169152,0.76,8.68,NYQ,14960844
81,COP,ConocoPhillips,128430039040,-0.03,4.2,NYQ,5312641
82,PANW,Palo Alto Networks,128086040576,1.14,7.93,NMS,1981538
83,ANET,Arista Networks,126117724160,-7.09,1.59,NYQ,5992372
84,ADP,Automatic Data Processing,124164374528,-0.04,5.74,NMS,1426490
85,MU,Micron Technology,124068003840,-1.33,12.2,NMS,11966608
86,GILD,Gilead Sciences,120319991808,-1.36,7.89,NMS,7456525
87,FI,Fiserv,119871225856,0.88,4.28,NYQ,1370157
88,CB,Chubb Limited,113415643136,1.21,1.42,NYQ,780346
89,BA,Boeing,113392320512,0.46,-1.88,NYQ,11948055
90,UPS,United Parcel Service,113020321792,-1.27,-1.2,NYQ,2376868
91,INTC,Intel,113000603648,-0.11,12.93,NMS,75940403
92,NKE,"Nike, Inc.",112947372032,-0.05,-2.79,NYQ,7066336
93,MDT,Medtronic,112509665280,-0.45,-2.61,NYQ,8134485
94,ADI,Analog Devices,112108118016,-0.86,0.14,NMS,2727122
95,MMC,Marsh McLennan,110679252992,0.98,2.86,NYQ,2393122
96,SBUX,Starbucks,110572929024,1.49,-1.34,NMS,5861364
97,BMY,Bristol Myers Squibb,109805666304,-1.04,-0.33,NYQ,9215711
98,DE,Deere & Company,107814813696,-4.16,-1.59,NYQ,1621125
99,PLD,Prologis,107278852096,1.42,2.14,NYQ,2198668
100,LRCX,Lam Research,100619157504,,,NMS,7515002
101,ELV,Elevance Health,98015297536,-1.57,2.08,NYQ,1569393
102,SHW,Sherwin-Williams,97383997440,0.7,8.02,NYQ,2209489
103,SO,Southern Company,97121075200,1.97,0.11,NYQ,3805852
104,AMT,American Tower,94298923008,1.99,-4.48,NYQ,3220194
105,DELL,Dell Technologies,94228922368,-2.64,2.57,NYQ,5844077
106,GEV,GE Vernova,94047289344,,,NYQ,1717048
107,TT,Trane Technologies,92390350848,3.7,9.15,NYQ,1525357
108,KLAC,KLA Corporation,91947958272,0.18,2.69,NMS,1131426
109,MO,Altria,91604475904,0.95,0.33,NYQ,4246320
110,REGN,Regeneron Pharmaceuticals,91035074560,0.48,-1.8,NMS,563540
111,CTAS,Cintas,91032649728,2.82,9.78,NMS,1648127
112,WM,Waste Management,89954148352,1.67,4.73,NYQ,1853662
113,ICE,Intercontinental Exchange,89812770816,0.2,1.15,NYQ,4927687
114,HCA,HCA Healthcare,89707667456,-0.53,-0.85,NYQ,1252640
115,PH,Parker Hannifin,89535062016,1.08,9.79,NYQ,402362
116,APH,Amphenol,89058410496,-0.11,8.86,NYQ,5983791
117,CI,Cigna,88944975872,0.09,1.04,NYQ,1314068
118,EQIX,Equinix,88871419904,1.47,3.69,NMS,535919
119,MDLZ,Mondelez International,88521973760,0.73,-3.37,NMS,4749351
120,DUK,Duke Energy,87468138496,1.94,0.49,NYQ,3780881
121,MCO,Moody's Corporation,86479814656,2.49,4.56,NYQ,719941
122,SNPS,Synopsys,86261940224,-2.1,8.32,NMS,967084
123,WELL,Welltower,86055755776,0.93,3.7,NYQ,2484836
124,GD,General Dynamics,85094653952,1.13,5.62,NYQ,854391
125,MSI,Motorola Solutions,84329250816,7.37,11.17,NYQ,1185380
126,ABNB,Airbnb,84100554752,,,NMS,19161617
127,PYPL,PayPal,83220848640,2.04,7.46,NMS,7967514
128,AON,Aon,82998566912,1.03,5.31,NYQ,776803
129,CDNS,Cadence Design Systems,82621734912,-0.16,6.79,NMS,1241007
130,CME,CME Group,81319288832,1.63,0.92,NMS,1725197
131,PNC,PNC Financial Services,80931831808,0.37,8.99,NYQ,1886205
132,CRWD,CrowdStrike,80898932736,-0.23,8.87,NMS,2771929
133,ITW,Illinois Tool Works,80306839552,-0.35,3.37,NYQ,833594
134,CMG,Chipotle Mexican Grill,80133914624,1.03,0.38,NYQ,6528934
135,ZTS,Zoetis,79774998528,1.47,-2.82,NYQ,3243119
136,USB,U.S. Bancorp,78329102336,1.31,4.95,NYQ,7608091
137,MAR,Marriott International,78032347136,1.12,7.76,NMS,1491732
138,MCK,McKesson Corporation,77814218752,0.9,16.46,NYQ,1270473
139,NOC,Northrop Grumman,77071204352,1.62,4.35,NYQ,493541
140,TDG,TransDigm Group,75966144512,1.62,3.56,NYQ,245453
141,CL,Colgate-Palmolive,75630706688,1.98,-0.81,NYQ,4564428
142,EOG,EOG Resources,75435786240,6.06,10.99,NYQ,5334843
143,CEG,Constellation Energy,74867040256,,,NMS,5157902
144,MMM,3M,73156050944,0.95,5.6,NYQ,3379851
145,EMR,Emerson Electric,72792719360,0.06,17.33,NYQ,2748163
146,ECL,Ecolab,70801817600,1.52,2.24,NYQ,1019160
147,COF,Capital One,70659473408,0.21,13,NYQ,4246362
148,FTNT,Fortinet,70544334848,9.99,16.8,NMS,13455809
149,ORLY,O'Reilly Auto Parts,70430425088,0.26,6.2,NMS,306290
150,FDX,FedEx,69944786944,1.08,4.35,NYQ,1734115
151,CVS,CVS Health,69892087808,-2.68,-0.48,NYQ,13703861
152,APD,Air Products,69582053376,0.05,1.22,NYQ,2292955
153,CSX,CSX Corporation,69423120384,1.24,7.82,NMS,12539692
154,TGT,Target Corporation,68999905280,-0.75,-0.7,NYQ,2659634
155,CARR,Carrier Global,68799365120,,,NYQ,3403328
156,WMB,Williams Companies,68642455552,1.57,9.21,NYQ,5097908
157,SPG,Simon Property Group,67217178624,1.86,6.75,NYQ,703362
158,BDX,Becton Dickinson,66953687040,1.99,-1.53,NYQ,2711231
159,FCX,Freeport-McMoRan,66616078336,-4.57,1.69,NYQ,16094841
160,RSG,Republic Services,66259828736,1.69,6.55,NYQ,1011905
161,ADSK,Autodesk,65850925056,0.02,6.63,NMS,900484
162,AJG,Arthur J. Gallagher & Co.,64686096384,1.45,5.12,NYQ,787819
163,OKE,ONEOK,62601158656,2.9,14.78,NYQ,3578840
164,DLR,Digital Realty,61529071616,1.97,3.4,NYQ,2227867
165,NSC,Norfolk Southern Railway,61462622208,0.35,8.63,NYQ,1266372
166,GM,General Motors,61115768832,0.34,9.07,NYQ,8772266
167,SLB,Schlumberger,60976640000,-0.14,8.6,NYQ,11475602
168,ROP,Roper Technologies,60865323008,-0.81,4.94,NMS,350417
169,RCL,Royal Caribbean Group,60569473024,2.15,11.49,NYQ,1779979
170,HLT,Hilton Worldwide,60372115456,0.58,4.73,NYQ,1983348
171,AFL,Aflac,60147015680,0.77,3.4,NYQ,1184012
172,TFC,Truist Financial,60030455808,-1.01,6.81,NYQ,8678205
173,PCAR,Paccar,59969544192,1.47,10.67,NMS,2225175
174,KMI,Kinder Morgan,59717681152,1.78,11.17,NYQ,17380261
175,NXPI,NXP Semiconductors,59444547584,-0.94,-1.97,NMS,2740597
176,PSA,Public Storage,59435495424,1.89,4.87,NYQ,611196
177,GWW,W. W. Grainger,58554683392,1.3,8.99,NYQ,287236
178,TRV,Travelers Companies (The),58318917632,1.83,4.58,NYQ,1333493
179,SRE,Sempra,57797656576,1.66,11.76,NYQ,3733444
180,URI,United Rentals,57420255232,1.46,10.28,NYQ,468368
181,FICO,Fair Isaac,56786366464,7.18,17.26,NYQ,275887
182,JCI,Johnson Controls,56527347712,3.31,12.08,NYQ,3074970
183,MET,MetLife,56099864576,0,4.02,NYQ,3642783
184,BK,BNY Mellon,56028631040,-0.81,2.32,NYQ,2435002
185,CHTR,Charter Communications,55983984640,0.17,7.43,NMS,1109144
186,DHI,D. R. Horton,54692515840,0.4,0.69,NYQ,1577917
187,CPRT,Copart,54064603136,0.63,8.99,NMS,2922132
188,PCG,PG&E Corporation,53874978816,1.18,2.79,NYQ,15103213
189,AMP,Ameriprise Financial,53551087616,0.8,9.15,NYQ,384119
190,PAYX,Paychex,53470044160,1.37,7.52,NMS,1890600
191,FANG,Diamondback Energy,53106958336,0.16,3.45,NMS,2578710
192,MNST,Monster Beverage,52652232704,-1.08,3.52,NMS,10267571
193,AZO,AutoZone,52574404608,-1.27,4.32,NYQ,125517
194,PSX,Phillips 66,52222455808,-0.18,5.37,NYQ,1516879
195,ALL,Allstate,52139712512,3.33,6.92,NYQ,2018608
196,AEP,American Electric Power,51339264000,1.05,0.09,NMS,2580977
197,NEM,Newmont,51275792384,-0.27,-0.49,NYQ,9894424
198,O,Realty Income,50333384704,2,-2.33,NYQ,4596079
199,LHX,L3Harris,49427480576,2.27,5.3,NYQ,711884
200,MPC,Marathon Petroleum,49413558272,-0.16,7.42,NYQ,1078436
201,CMI,Cummins,48899895296,0.49,8.51,NYQ,734023
202,PWR,Quanta Services,48856621056,3.15,9.05,NYQ,1140582
203,COR,Cencora,48690348032,0.26,6.04,NYQ,1376034
204,D,Dominion Energy,48544178176,2.05,-2.03,NYQ,5554213
205,ODFL,Old Dominion,48274034688,1.44,12.5,NMS,1078772
206,VST,Vistra Corp.,48245997568,4.55,18.73,NYQ,9784363
207,FAST,Fastenal,47738593280,0.28,6.52,NMS,3031723
208,ROST,Ross Stores,47574667264,0.96,2.38,NMS,2739142
209,FIS,Fidelity National Information Services,47412834304,1.6,-1.16,NYQ,3113249
210,OXY,Occidental Petroleum,47254441984,-1.33,1.94,NYQ,11331317
211,AIG,American International Group,47144464384,-1.32,-0.18,NYQ,6826127
212,MSCI,MSCI,46552551424,3.19,2.78,NYQ,735243
213,LEN,Lennar,46520147968,0.68,1.72,NYQ,1219892
214,TEL,TE Connectivity,46505287680,-0.09,3.36,NYQ,1144358
215,HWM,Howmet Aerospace,46171561984,2.26,13.7,NYQ,1612097
216,CCI,Crown Castle,46002200576,1.57,-0.68,NYQ,1590114
217,AXON,Axon Enterprise,45584908288,28.68,41.64,NMS,3935925
218,KVUE,Kenvue,45400719360,,,NYQ,16634586
219,NDAQ,"Nasdaq, Inc.",45227708416,0.65,5.88,NMS,2228375
220,KDP,Keurig Dr Pepper,44600078336,-0.12,0.18,NMS,6138393
221,KMB,Kimberly-Clark,44556931072,1.03,-0.74,NYQ,1703467
222,AME,Ametek,44161323008,1.04,7,NYQ,830537
223,DFS,Discover Financial,43975258112,0.09,15.76,NYQ,3221937
224,HES,Hess Corporation,43808219136,-0.4,3.22,NYQ,1347694
225,F,Ford Motor Company,43597963264,0.09,8.8,NYQ,42822846
226,PRU,Prudential Financial,43384430592,-1.61,0.5,NYQ,2011880
227,KR,Kroger,43344048128,1.01,5.9,NYQ,3013681
228,VLO,Valero Energy,43274002432,0.43,6.61,NYQ,1360752
229,PEG,Public Service Enterprise Group,42757668864,1.89,-1.71,NYQ,2639201
230,BKR,Baker Hughes,42564460544,-0.19,14.29,NMS,6727127
231,STZ,Constellation Brands,42560364544,0.47,1.12,NYQ,1731039
232,IT,Gartner,42223321088,1.23,8.68,NYQ,461160
233,TRGP,Targa Resources,41929154560,2.39,16.34,NYQ,2321630
234,GLW,Corning Inc.,41714503680,1.04,0.74,NYQ,4827437
235,CBRE,CBRE Group,41642926080,3.05,4.53,NYQ,1691071
236,EA,Electronic Arts,41415528448,-1.31,4.4,NMS,1296905
237,IR,Ingersoll Rand,41353060352,-0.89,9.19,NYQ,3035249
238,GRMN,Garmin,40847556608,1.13,7.34,NYQ,1143293
239,VRSK,Verisk Analytics,40242315264,1.66,3.45,NMS,506037
240,CTVA,Corteva,40089800704,-0.53,-4.16,NYQ,4673771
241,OTIS,Otis Worldwide,39958081536,,,NYQ,2688975
242,KHC,Kraft Heinz,39902613504,0.55,-1.46,NMS,7554482
243,CTSH,Cognizant,39819624448,-1.29,7.64,NMS,3692209
244,IQV,IQVIA,39790243840,0.71,4.81,NYQ,1418430
245,DAL,Delta Air Lines,39394406400,1.03,4.56,NYQ,3976623
246,A,Agilent Technologies,39271989248,-2.11,-0.14,NYQ,1918623
247,GEHC,GE HealthCare,39263666176,,,NMS,10044010
248,MCHP,Microchip Technology,39131918336,-1.98,-2.59,NMS,6279693
249,EW,Edwards Lifesciences,39062454272,0.59,-1.94,NYQ,3083363
250,XEL,Xcel Energy,38686683136,1.77,1.02,NMS,2840607
251,VMC,Vulcan Materials Company,38602752000,0.59,8.29,NYQ,494278
252,ACGL,Arch Capital Group,38320246784,2.05,6.07,NMS,1803780
253,EXC,Exelon,38294073344,1.06,0.9,NMS,4985385
254,YUM,Yum! Brands,38291472384,0.11,3.68,NYQ,1726745
255,SYY,Sysco,38015979520,0.68,3.15,NYQ,2237091
256,LULU,Lululemon Athletica,37880389632,-2.15,-3.94,NMS,1944672
257,MLM,Martin Marietta Materials,37867552768,0.39,6.8,NYQ,402364
258,NUE,Nucor,37297696768,-1.45,10.64,NYQ,1704233
259,MPWR,Monolithic Power Systems,37136211968,-1.79,0.25,NMS,822284
260,RMD,ResMed,37048373248,1.55,3.54,NYQ,930159
261,EXR,Extra Space Storage,36988076032,2.17,4.08,NYQ,708847
262,LVS,Las Vegas Sands,36526809088,-2.1,-2.23,NYQ,8698326
263,GIS,General Mills,36374016000,0.89,-3.99,NYQ,3005987
264,HSY,Hershey Company (The),35547705344,1.63,-2,NYQ,2486759
265,IDXX,Idexx Laboratories,35479003136,0.06,3.83,NMS,600284
266,HPQ,HP Inc.,35472683008,-1.39,1.49,NYQ,5489033
267,DD,DuPont,35179274240,-2.79,2.02,NYQ,2567211
268,IRM,Iron Mountain,35130097664,2.39,-1.2,NYQ,945730
269,MTB,M&T Bank,34745516032,0.62,8.93,NYQ,937946
270,HUM,Humana,34692816896,0.13,10.51,NYQ,1480262
271,WAB,Wabtec,34496606208,0.99,7.41,NYQ,746240
272,HIG,Hartford (The),34041901056,1.94,6.67,NYQ,1615146
273,ED,Consolidated Edison,33993408512,0.56,-1.87,NYQ,2915285
274,EFX,Equifax,33582313472,0.53,2.47,NYQ,656165
275,AVB,AvalonBay Communities,33247897600,2.5,8.08,NYQ,782637
276,VICI,Vici Properties,33090396160,1.49,-0.16,NYQ,3274460
277,DOW,Dow Inc.,32547278848,-4.93,-5.06,NYQ,9999058
278,CCL,Carnival,32298328064,1.65,9.91,NYQ,16516412
279,RJF,Raymond James Financial,32269807616,1.47,10.01,NYQ,1217577
280,EIX,Edison International,32172165120,2.03,2.43,NYQ,2044247
281,BRO,Brown & Brown,32150259712,1.88,8.08,NYQ,1210880
282,ETR,Entergy,31942502400,2.07,2.89,NYQ,2464617
283,WTW,Willis Towers Watson,31859316736,0.13,5.68,NMS,554702
284,CSGP,CoStar Group,31726804992,1.43,6.74,NMS,2188040
285,TTWO,Take-Two Interactive,31244044288,-0.71,8.62,NMS,2222999
286,FITB,Fifth Third Bancorp,31019317248,0.72,7.23,NMS,3522960
287,ROK,Rockwell Automation,30878910464,-1.79,1.27,NYQ,1067370
288,WEC,WEC Energy Group,30872983552,2.37,2.11,NYQ,2484882
289,TSCO,Tractor Supply,30829461504,-0.25,8.25,NMS,975821
290,CNC,Centene Corporation,30367629312,-3.79,-5.31,NYQ,6300228
291,XYL,Xylem Inc.,30215069696,0.57,4.11,NYQ,884521
292,ON,ON Semiconductor,29980366848,-2.28,-0.82,NMS,4703801
293,ANSS,Ansys,29923641344,-3.77,5.69,NMS,749849
294,EBAY,eBay,29645309952,-0.21,6.5,NMS,3147301
295,CAH,Cardinal Health,29176725504,1.98,3.81,NYQ,2790699
296,PPG,PPG Industries,29120638976,-0.37,0.89,NYQ,1222922
297,UAL,United Airlines Holdings,28779939840,2.43,8.76,NMS,4382212
298,EQR,Equity Residential,28757067776,2.42,6.38,NYQ,1366037
299,KEYS,Keysight Technologies,28707483648,0.15,9.15,NYQ,844265
300,HPE,Hewlett Packard Enterprise,28622686208,2.8,9.87,NYQ,14158842
301,LYV,Live Nation Entertainment,28550021120,-1.28,4.99,NYQ,2187304
302,NVR,"NVR, Inc.",28515348480,0.93,1.83,NYQ,16275
303,GPN,Global Payments,28218404864,-0.93,6.17,NYQ,3786606
304,K,Kellanova,27920537600,0.42,0.48,NYQ,1241578
305,MTD,Mettler Toledo,27797788672,-7.19,-2.39,NYQ,254152
306,STT,State Street Corporation,27784851456,-0.36,2.13,NYQ,2721125
307,LYB,LyondellBasell,27701772288,-2.32,-1.46,NYQ,3004499
308,DOV,Dover Corporation,27644188672,-0.13,6.55,NYQ,823884
309,DXCM,Dexcom,27326025728,1.52,-0.55,NMS,3019905
310,VTR,Ventas,27320979456,1.09,1.5,NYQ,3040607
311,PHM,PulteGroup,27214381056,1.17,3.37,NYQ,1599144
312,SW,Smurfit WestRock,27207383040,,,NYQ,3590553
313,DECK,Deckers Brands,26679021568,2.49,11.06,NYQ,2035747
314,TYL,Tyler Technologies,26672943104,1.28,3.4,NYQ,307191
315,CDW,CDW,26635474944,-1.49,6.1,NMS,926951
316,AWK,American Water Works,26523123712,2.45,0.07,NYQ,1075997
317,LDOS,Leidos,26475776000,3.01,8.44,NYQ,921890
318,BR,Broadridge Financial Solutions,26324572160,1.82,7.14,NYQ,466059
319,TROW,T. Rowe Price,26130343936,-2.03,4.96,NMS,1337154
320,VLTO,Veralto,26103359488,,,NYQ,1208414
321,FTV,Fortive,26090563584,1.61,5.41,NYQ,3757167
322,CHD,Church & Dwight,26080036864,2.44,1.62,NYQ,1420819
323,HST,Host Hotels & Resorts,25686403072,0.06,3.92,NMS,8211935
324,HAL,Halliburton,25678614528,-1.08,5.6,NYQ,8184052
325,DVN,Devon Energy,25533700096,-0.05,1.44,NYQ,8611882
326,CPAY,Corpay,25514924032,5.63,10.98,NYQ,1210695
327,NTAP,NetApp,25395140608,0.96,6.81,NMS,1361805
328,BIIB,Biogen,25215215616,-0.51,-0.43,NMS,1581624
329,HBAN,Huntington Bancshares,25119086592,-0.52,11.69,NMS,14590843
330,HUBB,Hubbell Incorporated,25114036224,0.2,9.92,NYQ,316317
331,GDDY,GoDaddy,24967137280,0.3,8.86,NYQ,852913
332,ADM,Archer Daniels Midland,24925544448,-0.69,-4.59,NYQ,3482189
333,SYF,Synchrony Financial,24836253696,-1.31,15.98,NYQ,4749878
334,EQT,EQT Corporation,24595316736,1.3,16.21,NYQ,5900972
335,PPL,PPL Corporation,24397289472,2.23,4.75,NYQ,6209892
336,DTE,DTE Energy,24396496896,0.65,-2.88,NYQ,3004419
337,ROL,"Rollins, Inc.",24302424064,2.32,6.02,NYQ,1466711
338,SBAC,SBA Communications,24076550144,1.06,-0.74,NMS,1304169
339,AEE,Ameren,24074237952,4.21,5.02,NYQ,2268864
340,WDC,Western Digital,24064733184,-1.18,5.66,NMS,3004042
341,FE,FirstEnergy,23940208640,0.75,0.57,NYQ,2812945
342,IFF,International Flavors & Fragrances,23594334208,1.45,-6.72,NYQ,3098708
343,WST,West Pharmaceutical Services,23472099328,0.21,2.4,NYQ,600808
344,RF,Regions Financial Corporation,23285096448,0.83,8.74,NYQ,6479241
345,CINF,Cincinnati Financial,23242479616,1.07,5.72,NMS,379139
346,EXPE,Expedia Group,23199821824,3.81,13.4,NMS,4768499
347,WY,Weyerhaeuser,23170699264,0.47,2.28,NYQ,2669584
348,PTC,PTC Inc.,23165632512,1.46,4.22,NMS,1542825
349,WRB,W. R. Berkley Corporation,23073726464,1.56,5.3,NYQ,940230
350,EL,Estée Lauder Companies (The),22938693632,-3.63,-4.03,NYQ,5667025
351,STLD,Steel Dynamics,22921711616,0.41,11.15,NMS,1036453
352,WAT,Waters Corporation,22830743552,-0.42,-0.7,NYQ,360756
353,TDY,Teledyne Technologies,22799708160,2.42,7.48,NYQ,343547
354,WBD,Warner Bros. Discovery,22520100864,-2.03,11.54,NMS,44221357
355,ES,Eversource Energy,22497083392,0.95,-3.57,NYQ,2412697
356,ATO,Atmos Energy,22383044608,1.94,4.18,NYQ,801744
357,ERIE,Erie Indemnity,22349750272,0.71,2.95,NMS,96241
358,STX,Seagate Technology,22164113408,-0.31,5.72,NMS,1287555
359,STE,Steris,21635651584,1.71,-2.66,NYQ,1071783
360,PKG,Packaging Corporation of America,21606160384,0.46,4.61,NYQ,644382
361,ZBH,Zimmer Biomet,21535825920,-0.47,0.85,NYQ,1175735
362,TSN,Tyson Foods,21203910656,1.5,2.11,NYQ,2461911
363,NTRS,Northern Trust,20848568320,-0.07,5.25,NMS,790171
364,MKC,McCormick & Company,20797384704,1.51,-1.6,NYQ,1391016
365,FSLR,First Solar,20761757696,-1.41,-5.37,NMS,3554690
366,COO,Cooper Companies (The),20662435840,0.41,-1.98,NMS,646229
367,INVH,Invitation Homes,20644823040,1.2,7.32,NYQ,3474039
368,CBOE,Cboe Global Markets,20608485376,-1.45,-6.26,BTS,1885541
369,ZBRA,Zebra Technologies,20596410368,0.54,3.81,NMS,292811
370,BLDR,Builders FirstSource,20525410304,-0.47,3.68,NYQ,1353093
371,CLX,Clorox,20443670528,1.47,1.26,NYQ,1046337
372,OMC,Omnicom Group,20379414528,-0.29,3.34,NYQ,1470538
373,ESS,Essex Property Trust,20290326528,2.74,10,NYQ,441840
374,LH,LabCorp,20273328128,1.4,6.73,NYQ,849547
375,CFG,Citizens Financial Group,20188512256,-0.48,9.54,NYQ,6097448
376,CMS,CMS Energy,20093290496,1.34,-1.54,NYQ,2759884
377,IP,International Paper,19934271488,-1.76,2.89,NYQ,4448294
378,ARE,Alexandria Real Estate Equities,19929858048,0.28,2.87,NYQ,876495
379,NRG,NRG Energy,19841372160,-0.27,10.86,NYQ,3739707
380,CNP,CenterPoint Energy,19805982720,3.47,6.33,NYQ,5429063
381,DRI,Darden Restaurants,19791699968,-0.02,5.51,NYQ,919155
382,FOXA,Fox Corporation (Class A),19654283264,-0.16,6.49,NMS,4377377
383,FOX,Fox Corporation (Class B),19654264832,-0.02,6.87,NMS,974973
384,PFG,Principal Financial Group,19544635392,-0.64,3.98,NMS,935446
385,JBHT,J.B. Hunt,19372468224,2.15,6.42,NMS,993571
386,BBY,Best Buy,19153469440,-1.01,-1.87,NYQ,2190261
387,BF-B,Brown–Forman,19121537024,-2.21,-6.47,NYQ,1966344
388,MAA,Mid-America Apartment Communities,19089797120,2.88,6.68,NYQ,372860
389,LUV,Southwest Airlines,19059642368,1.66,3.82,NYQ,4067205
390,SNA,Snap-on,18864332800,1.74,8.77,NYQ,356796
391,MOH,Molina Healthcare,18855979008,-2.38,0.89,NYQ,1009509
392,KEY,KeyCorp,18804637696,-0.99,10.35,NYQ,15125171
393,PODD,Insulet Corporation,18798807040,9.4,13.75,NMS,1582868
394,HOLX,Hologic,18293743616,-0.67,-4.34,NMS,1138176
395,GEN,Gen Digital,18196533248,-0.07,4.46,NMS,2692499
396,J,Jacobs Solutions,18193633280,1.09,4.88,NYQ,673993
397,ULTA,Ulta Beauty,18151409664,-2.03,2.02,NMS,679691
398,FDS,FactSet,18138132480,0.76,4.07,NYQ,256098
399,CTRA,Coterra,18105948160,0.7,8.23,NYQ,3536904
400,TER,Teradyne,18059655168,-0.67,4.13,NMS,1504147
401,MRNA,Moderna,18021027840,-6.86,-14.28,NMS,13476832
402,L,Loews Corporation,17999714304,1.25,4.84,NYQ,618691
403,BALL,Ball Corporation,17983150080,0.53,2.12,NYQ,1368305
404,DGX,Quest Diagnostics,17788082176,2.03,2.63,NYQ,766615
405,TRMB,Trimble Inc.,17741711360,0.71,18.69,NMS,1392267
406,BAX,Baxter International,17672564736,-3.88,-3.43,NYQ,5676918
407,VRSN,Verisign,17640116224,-1.29,3.89,NMS,467386
408,MAS,Masco,17464881152,1.25,1.33,NYQ,1476167
409,IEX,IDEX Corporation,17303529472,-0.17,5.77,NYQ,488677
410,NWSA,News Corp (Class A),17300373504,1.23,8.05,NMS,4369137
411,NWS,News Corp (Class B),17294987264,2.87,10.8,NMS,1279364
412,PNR,Pentair,17241856000,1.37,5.97,NYQ,1367899
413,GPC,Genuine Parts Company,17019397120,-0.51,7.75,NYQ,1220310
414,DG,Dollar General,16922459136,-1.43,-5.88,NYQ,3759081
415,EXPD,Expeditors International,16805518336,0.06,0.84,NYQ,1230076
416,KIM,Kimco Realty,16804840448,1.09,4.62,NYQ,3863212
417,NI,NiSource,16790041600,2.77,4.29,NYQ,4630912
418,UDR,"UDR, Inc.",16709356544,2.16,7.7,NYQ,2318748
419,HRL,Hormel Foods,16626397184,0.17,-1.94,NYQ,2147135
420,AVY,Avery Dennison,16479850496,-0.17,-0.49,NYQ,376702
421,ALGN,Align Technology,16461755392,-0.75,5.72,NMS,843835
422,TXT,Textron,16243430400,-0.35,7.49,NYQ,1250546
423,INCY,Incyte,16063156224,1.26,9.52,NMS,2504322
424,MRO,Marathon Oil,15943184384,-0.18,4.51,NYQ,3986580
425,DOC,Healthpeak Properties,15919323136,0.89,4.98,NYQ,3908401
426,DPZ,Domino's,15875396608,2.52,7.96,NYQ,609048
427,EG,Everest Group,15828588544,1.72,4.93,NYQ,408380
428,VTRS,Viatris,15468926976,-1.67,11.53,NMS,8941238
429,JBL,Jabil,15318436864,-1.13,6.33,NYQ,855561
430,NDSN,Nordson Corporation,14949531648,0.33,4.98,NMS,151769
431,RVTY,Revvity,14904844288,-1.23,1.18,NYQ,999667
432,LNT,Alliant Energy,14818592768,2.68,0.02,NMS,2236030
433,AMCR,Amcor,14771375104,0.1,-0.39,NYQ,5580386
434,BXP,"BXP, Inc.",14621405184,0.34,4.72,NYQ,1279466
435,CF,CF Industries,14567214080,-1.1,-0.42,NYQ,2141035
436,EVRG,Evergy,14375799808,1.79,4.92,NMS,2571161
437,SMCI,Supermicro,14358053888,-3.77,-5.87,NMS,59702075
438,SWKS,Skyworks Solutions,14240279552,-2.2,0.28,NMS,2827884
439,POOL,Pool Corporation,14178717696,0.35,2.62,NMS,209711
440,FFIV,"F5, Inc.",14018663424,-0.24,3.92,NMS,525674
441,SWK,Stanley Black & Decker,13900967936,-1.86,-3.44,NYQ,1942504
442,UHS,Universal Health Services,13842989056,-0.44,1.09,NYQ,572831
443,RL,Ralph Lauren Corporation,13821839360,0.4,12.61,NYQ,816090
444,CAG,Conagra Brands,13573644288,0.46,-1.83,NYQ,2911456
445,CPB,Campbell Soup Company,13568313344,1.04,-1.6,NMS,1767574
446,REG,Regency Centers,13556372480,0.5,3.95,NMS,705337
447,AKAM,Akamai Technologies,13494870016,-14.4,-11.14,NMS,8951894
448,EPAM,EPAM Systems,13241610240,0.23,23.37,NYQ,773987
449,APTV,Aptiv,13220774912,1.1,-0.21,NYQ,4562483
450,DLTR,Dollar Tree,13202658304,-3.35,-7.79,NMS,5064575
451,PAYC,Paycom,13190182912,0.69,8.59,NYQ,391464
452,JKHY,Jack Henry & Associates,13115892736,-0.11,-1.8,NMS,544280
453,CPT,Camden Property Trust,12987344896,2.66,7.04,NYQ,1111471
454,JNPR,Juniper Networks,12882672640,-0.23,-0.23,NYQ,2849669
455,CHRW,C.H. Robinson,12832334848,0.6,6.62,NMS,879683
456,DAY,Dayforce,12795778048,0.63,7.86,NYQ,1328373
457,SOLV,Solventum,12512572416,,,NYQ,2158977
458,ALLE,Allegion,12498694144,0.75,2.82,NYQ,650944
459,SJM,J.M. Smucker Company (The),12284572672,0.16,2.24,NYQ,894332
460,DVA,DaVita,12275712000,-0.47,5.7,NYQ,748561
461,TAP,Molson Coors Beverage Company,12271265792,4.99,8.29,NYQ,3208922
462,TPR,"Tapestry, Inc.",12169140224,1.3,11.18,NYQ,3566339
463,BG,Bunge Global,12164304896,0.36,5.45,NYQ,1835696
464,TECH,Bio-Techne,12069436416,-0.5,0.97,NMS,614249
465,NCLH,Norwegian Cruise Line Holdings,12012822528,1,9.81,NYQ,8918626
466,ALB,Albemarle Corporation,11852733440,0.91,2.65,NYQ,1894625
467,EMN,Eastman Chemical Company,11761692672,-2,0.39,NYQ,1028288
468,KMX,CarMax,11702959104,-1.18,4.48,NYQ,1390771
469,LW,Lamb Weston,11578956800,1.12,5.33,NYQ,1580030
470,GNRC,Generac,11265814528,1.41,12.1,NYQ,782552
471,IPG,Interpublic Group of Companies (The),11111943168,-0.8,1.19,NYQ,3709165
472,BEN,Franklin Resources,11016544256,-1.17,0.96,NYQ,2606366
473,CRL,Charles River Laboratories,11014225920,2.43,19.03,NYQ,625702
474,MGM,MGM Resorts,10924080128,-2.6,0.77,NYQ,3550397
475,AOS,A. O. Smith,10854326272,-1.54,-0.72,NYQ,1289404
476,CTLT,Catalent,10783628288,-0.85,1.16,NYQ,2565304
477,AIZ,Assurant,10739068928,1.72,9.19,NYQ,303637
478,PNW,Pinnacle West,10438796288,2.9,8.09,NYQ,1873589
479,MKTX,MarketAxess,10356643840,0.1,-4.43,NMS,314997
480,LKQ,LKQ Corporation,9974665216,-0.03,3.98,NMS,1919871
481,FRT,Federal Realty Investment Trust,9787513856,0.62,3.55,NYQ,721892
482,AES,AES Corporation,9669967872,-0.37,-7.55,NYQ,18008417
483,CE,Celanese,9265587200,-5.48,-32.06,NYQ,4414295
484,WYNN,Wynn Resorts,9257404416,-3.29,-11.89,NMS,4082234
485,MHK,Mohawk Industries,9211922432,0.6,8.68,NYQ,784209
486,GL,Globe Life,9166804992,0.55,4.98,NYQ,482521
487,TFX,Teleflex,9082065920,-1.25,-7.41,NYQ,645347
488,ENPH,Enphase Energy,9038658560,-6.55,-19.92,NGM,11776647
489,HAS,Hasbro,8981073920,0.37,-2.19,NMS,1017738
490,MOS,Mosaic Company (The),8835831808,-2.15,3.12,NYQ,3727837
491,CZR,Caesars Entertainment,8677683200,-0.66,4.13,NMS,2595295
492,HSIC,Henry Schein,8478307840,-2.06,-3.37,NMS,829671
493,AMTM,Amentum,8126287360,,,NYQ,1403260
494,IVZ,Invesco,8080930816,-1.64,1.12,NYQ,2930407
495,APA,APA Corporation,8053746688,-0.73,-5.72,NMS,11725777
496,HII,Huntington Ingalls Industries,7929944064,2.45,7.1,NYQ,431195
497,MTCH,Match Group,7881271296,-1.77,-14.37,NMS,10141748
498,WBA,Walgreens Boots Alliance,7842076160,-2.16,-4.12,NMS,20996395
499,PARA,Paramount Global,7830331392,-3.99,0.82,NMS,15664607
500,FMC,FMC Corporation,7452709376,-1.87,-5.46,NYQ,1036460
501,BWA,BorgWarner,7418303488,-3.25,1.44,NYQ,1849968
502,QRVO,Qorvo,6649953280,-2.37,-2.1,NMS,1547533
